{
  "id": "4935449",
  "name": "智能家具",
  "font_family": "iconfont",
  "css_prefix_text": "icon-",
  "description": "",
  "glyphs": [
    {
      "icon_id": "1186834",
      "name": "启用",
      "font_class": "qiyong",
      "unicode": "e67e",
      "unicode_decimal": 59006
    },
    {
      "icon_id": "11177660",
      "name": "下一曲",
      "font_class": "ziyuan",
      "unicode": "e615",
      "unicode_decimal": 58901
    },
    {
      "icon_id": "11177661",
      "name": "上一曲",
      "font_class": "ziyuan1",
      "unicode": "e616",
      "unicode_decimal": 58902
    },
    {
      "icon_id": "17701",
      "name": "错误",
      "font_class": "cuowu",
      "unicode": "e606",
      "unicode_decimal": 58886
    },
    {
      "icon_id": "6999224",
      "name": "刷新",
      "font_class": "shuaxin",
      "unicode": "e629",
      "unicode_decimal": 58921
    },
    {
      "icon_id": "1752901",
      "name": "电源",
      "font_class": "dianyuan",
      "unicode": "e604",
      "unicode_decimal": 58884
    },
    {
      "icon_id": "4549801",
      "name": "吉他",
      "font_class": "jita",
      "unicode": "e605",
      "unicode_decimal": 58885
    },
    {
      "icon_id": "16480871",
      "name": "灯泡",
      "font_class": "dengpao",
      "unicode": "e69e",
      "unicode_decimal": 59038
    },
    {
      "icon_id": "42820627",
      "name": "mti-救援装备",
      "font_class": "mti-jiuyuanzhuangbei",
      "unicode": "e8af",
      "unicode_decimal": 59567
    },
    {
      "icon_id": "1010",
      "name": "扬声器",
      "font_class": "yangshengqi",
      "unicode": "e600",
      "unicode_decimal": 58880
    },
    {
      "icon_id": "827645",
      "name": "麦克风",
      "font_class": "maikefeng",
      "unicode": "e65f",
      "unicode_decimal": 58975
    },
    {
      "icon_id": "971577",
      "name": "火焰",
      "font_class": "weibiaoti1",
      "unicode": "e634",
      "unicode_decimal": 58932
    },
    {
      "icon_id": "999220",
      "name": "电影",
      "font_class": "ai239",
      "unicode": "e6e3",
      "unicode_decimal": 59107
    },
    {
      "icon_id": "1115096",
      "name": "主页",
      "font_class": "zhuye",
      "unicode": "e64d",
      "unicode_decimal": 58957
    },
    {
      "icon_id": "1186832",
      "name": "暂停",
      "font_class": "zanting",
      "unicode": "e67d",
      "unicode_decimal": 59005
    },
    {
      "icon_id": "2367483",
      "name": "阅读",
      "font_class": "yuedu",
      "unicode": "e6ca",
      "unicode_decimal": 59082
    },
    {
      "icon_id": "2743339",
      "name": "魔法棒",
      "font_class": "magic",
      "unicode": "e68a",
      "unicode_decimal": 59018
    },
    {
      "icon_id": "5178942",
      "name": "温度",
      "font_class": "wendu",
      "unicode": "e61e",
      "unicode_decimal": 58910
    },
    {
      "icon_id": "6610520",
      "name": "叶子",
      "font_class": "plant1147939easyiconnet",
      "unicode": "e601",
      "unicode_decimal": 58881
    },
    {
      "icon_id": "6776381",
      "name": "摄像头_实体",
      "font_class": "shexiangtou_shiti",
      "unicode": "eca5",
      "unicode_decimal": 60581
    },
    {
      "icon_id": "6777576",
      "name": "水滴",
      "font_class": "shuidi",
      "unicode": "e617",
      "unicode_decimal": 58903
    },
    {
      "icon_id": "9524660",
      "name": "居家-沙发",
      "font_class": "jujia-shafa",
      "unicode": "e60b",
      "unicode_decimal": 58891
    },
    {
      "icon_id": "11003447",
      "name": "风扇",
      "font_class": "fengshan",
      "unicode": "e602",
      "unicode_decimal": 58882
    },
    {
      "icon_id": "11518201",
      "name": "icon_关机-开机",
      "font_class": "icon_guanji-kaiji",
      "unicode": "e609",
      "unicode_decimal": 58889
    },
    {
      "icon_id": "11724606",
      "name": "4_确认密码_打鼓",
      "font_class": "_querenmima_dagu",
      "unicode": "e630",
      "unicode_decimal": 58928
    },
    {
      "icon_id": "12685533",
      "name": "返回",
      "font_class": "fanhui",
      "unicode": "e715",
      "unicode_decimal": 59157
    },
    {
      "icon_id": "13638695",
      "name": "工作",
      "font_class": "gongzuo",
      "unicode": "e656",
      "unicode_decimal": 58966
    },
    {
      "icon_id": "14151878",
      "name": "制冷",
      "font_class": "zhileng",
      "unicode": "e638",
      "unicode_decimal": 58936
    },
    {
      "icon_id": "14685389",
      "name": "吹风",
      "font_class": "chuifeng",
      "unicode": "e603",
      "unicode_decimal": 58883
    },
    {
      "icon_id": "17865888",
      "name": "吉他-2",
      "font_class": "jita-2",
      "unicode": "e6c3",
      "unicode_decimal": 59075
    },
    {
      "icon_id": "22451591",
      "name": "调节",
      "font_class": "tiaojie",
      "unicode": "e855",
      "unicode_decimal": 59477
    },
    {
      "icon_id": "36338728",
      "name": "小灯泡",
      "font_class": "xiaodengpao",
      "unicode": "e60c",
      "unicode_decimal": 58892
    },
    {
      "icon_id": "37472693",
      "name": "月亮",
      "font_class": "yueliang",
      "unicode": "e719",
      "unicode_decimal": 59161
    },
    {
      "icon_id": "37930771",
      "name": "插头",
      "font_class": "chatou",
      "unicode": "e718",
      "unicode_decimal": 59160
    }
  ]
}
